{"cameraMode":{"drawMode":0,"name":"Shaded","section":"Shading Mode"},"sceneLighting":false,"audioPlay":false,"sceneViewState":{"m_AlwaysRefresh":false,"showFog":true,"showSkybox":false,"showFlares":true,"showImageEffects":true,"showParticleSystems":true,"showVisualEffectGraphs":true,"m_FxEnabled":true},"in2DMode":false,"pivot":{"x":-2.0278282165527345,"y":0.12537752091884614,"z":2.2088210582733156},"rotation":{"x":0.01408209279179573,"y":0.9814273118972778,"z":-0.0799759030342102,"w":0.17282076179981233},"size":0.12521740794181825,"orthographic":true}