{"cameraMode":{"drawMode":0,"name":"Shaded","section":"Shading Mode"},"sceneLighting":false,"audioPlay":false,"sceneViewState":{"m_AlwaysRefresh":false,"showFog":true,"showSkybox":false,"showFlares":true,"showImageEffects":true,"showParticleSystems":true,"showVisualEffectGraphs":true,"m_FxEnabled":true},"in2DMode":false,"pivot":{"x":-1.9429349899291993,"y":0.1340000033378601,"z":7.10099983215332},"rotation":{"x":0.011967224068939686,"y":0.9253702163696289,"z":-0.3774721920490265,"w":0.029452310875058175},"size":0.07565465569496155,"orthographic":true}